{
    "transmission_rate": [
      [
        0.027308004692717262,
        0.025480462232475746,
        0.028064407518171554,
        0.021169236938397017,
        0.031108167598418293,
        0.02803011145908304
      ],
      [
        0.0545979604728815,
        0.05835582013306692,
        0.05052385573666593,
        0.04803595595729394,
        0.05927498685158851,
        0.05055535023050437
      ],
      [
        0.2484071834671961,
        0.2617463488990051,
        0.25048028361490166,
        0.25712185260062487,
        0.24109316866977032,
        0.25429399521484564
      ],
      [
        0.23505098817796224,
        0.234144231363421,
        0.24010219643104708,
        0.254682461445924,
        0.2374310925842959,
        0.24095002820517805
      ],
      [
        0.15576211533255122,
        0.16009228170638765,
        0.16497989740745875,
        0.1682511570399826,
        0.15641739875723162,
        0.1607500632185026
      ],
      [
        0.13370634419276234,
        0.1252806558592704,
        0.12841892614525358,
        0.12557851999131173,
        0.1350682743440403,
        0.1283432861950242
      ],
      [
        0.08912553018680623,
        0.08379508517519105,
        0.085084470499693,
        0.07669044794573189,
        0.08590295498373492,
        0.08776673345134119
      ],
      [
        0.03795686309899828,
        0.035656168249325396,
        0.03404567150581291,
        0.03293178058846134,
        0.03886086058788008,
        0.033671147075414805
      ],
      [
        0.018085010378124714,
        0.015448946381856756,
        0.018300291140995423,
        0.015538587492272474,
        0.01484309562303991,
        0.01563928495010601
      ]
    ],
    "mortality_rate": [
      [
        0.005948446794448116,
        0.007275666936135812,
        0.006351446718419195,
        0.007103393843725335,
        0.005635566687539136,
        0.006245662734212352
      ],
      [
        0.0019834710743801653,
        0.002117896223085069,
        0.0023520188161505295,
        0.006260869565217392,
        0.001971738416036806,
        0.002308580223162755
      ],
      [
        0.0010898786601758338,
        0.0011804517195246713,
        0.0011860520281489681,
        0.002144388849177984,
        0.0012119253453987233,
        0.0011474030444427446
      ],
      [
        0.0048375950241879755,
        0.006070203219846925,
        0.003711952487008166,
        0.002164928163747294,
        0.004676347526458282,
        0.002664083313150884
      ],
      [
        0.008111239860950173,
        0.010550694801852804,
        0.009843937575030012,
        0.007547169811320755,
        0.0049813200498132005,
        0.00484027105517909
      ],
      [
        0.027402807775377968,
        0.030417625780993093,
        0.022979642196175203,
        0.015832889835018626,
        0.026680126910873958,
        0.03167626553501061
      ],
      [
        0.04860267314702309,
        0.06489675516224189,
        0.05726256983240224,
        0.05751633986928104,
        0.053061224489795916,
        0.0625
      ],
      [
        0.11031859248692345,
        0.13056036972848067,
        0.1070389761489238,
        0.09335362760020295,
        0.10426065162907269,
        0.10283073367995378
      ],
      [
        0.11776447105788422,
        0.15733333333333333,
        0.13419913419913418,
        0.13333333333333333,
        0.12335958005249344,
        0.14676616915422883
      ]
    ],
    "recovery_rate": [
      [
        0.7984137475214804,
        0.8455941794664509,
        0.8059280169371911,
        0.8208366219415941,
        0.8240450845335002,
        0.8133240804996529
      ],
      [
        0.8502479338842975,
        0.8295093540416519,
        0.8600548804390435,
        0.8633043478260869,
        0.8452185343411107,
        0.8580223162754905
      ],
      [
        0.8616580687350142,
        0.8714094593531124,
        0.8537202498616272,
        0.82675937357853,
        0.8708895532035226,
        0.8442591601009715
      ],
      [
        0.8492666820241113,
        0.8658397114454123,
        0.8524292666831643,
        0.8342189857639573,
        0.8694724751825417,
        0.8526681198030194
      ],
      [
        0.8347624565469292,
        0.8620689655172412,
        0.845378151260504,
        0.8321747765640515,
        0.8567870485678702,
        0.8455953533397869
      ],
      [
        0.8156047516198706,
        0.8306478132193358,
        0.8374460209747071,
        0.8270356572645025,
        0.828958753965965,
        0.8275234919672629
      ],
      [
        0.7974888618874038,
        0.807276302851524,
        0.8021415270018621,
        0.7886710239651415,
        0.8004535147392289,
        0.7757092198581559
      ],
      [
        0.7199239182120779,
        0.7429231658001155,
        0.748109365910413,
        0.7681380010147133,
        0.7829573934837092,
        0.7325245522819179
      ],
      [
        0.6457085828343314,
        0.6706666666666667,
        0.7261904761904763,
        0.7215053763440861,
        0.7388451443569555,
        0.6927860696517414
      ]
    ],
    "incubation_rate": [
      [0.14, 0.14, 0.14, 0.14, 0.14, 0.14],
      [0.14, 0.14, 0.14, 0.14, 0.14, 0.14],
      [0.14, 0.14, 0.14, 0.14, 0.14, 0.14],
      [0.14, 0.14, 0.14, 0.14, 0.14, 0.14],
      [0.14, 0.14, 0.14, 0.14, 0.14, 0.14],
      [0.14, 0.14, 0.14, 0.14, 0.14, 0.14],
      [0.14, 0.14, 0.14, 0.14, 0.14, 0.14],
      [0.14, 0.14, 0.14, 0.14, 0.14, 0.14],
      [0.14, 0.14, 0.14, 0.14, 0.14, 0.14]
    ],
    "as_infection_expectation": {
        "district1": 0.5250888107538335,
        "district2": 0.5083632278591329,
        "district3": 0.5479548031574155,
        "district4": 0.535295148289754,
        "district5": 0.5708638424561902,
        "district6": 0.5338290928274947
    },

    "wearing_mask_percentage": 0.83,
    "wearing_mask_protection": 0.80,
    "physical_distancing_percentage": 0.67,
    "physical_distancing_protection": 0.82,
    "with_low_immunity_percentage": 0.0131,
    "district_poverty_score": {
      "district1": 0.691136108180833,
      "district2": 0.512228509479724,
      "district3": 0.921052631578947,
      "district4": 0.870013872085661,
      "district5": 0.615583310172564,
      "district6": 0.72441132991585
    },
    "recovery_period": 14, 

    "natural_immunity": 1,
    "preexisting_conditions": 1,
    "exercise": 1,

    "min_age_restriction": 15,
    "max_age_restriction": 65,

    "mobile_worker_percentage": 0.484,
    "agent_exposure_distance": 200,
    "agent_mobility_range": 100
}